,x,y,x2,y2,conf,foo,cls,value
0,21.0,348.0,281.0,522.0,0.9764809,0.99986935,0.0,
1,627.0,367.0,932.0,606.0,0.94360924,0.99997973,0.0,
3,361.0,56.0,650.0,126.0,0.8946889,0.99969137,1.0,073902
2,251.0,549.0,419.0,594.0,0.9356816,0.9999809,2.0,4.0
5,32.0,552.0,156.0,596.0,0.8133566,0.99996555,2.0,3.0
4,81.0,621.0,184.0,687.0,0.89411485,0.99998295,3.0,209
6,347.0,620.0,416.0,691.0,0.44382927,0.9999068,3.0,0
